parent_seq,variant_seq,parent_pos,variant_pos,variant_sig
M,M,1,1,No
F,F,2,2,No
V,V,3,3,No
F,F,4,4,No
L,L,5,5,No
V,V,6,6,No
L,L,7,7,No
L,L,8,8,No
P,P,9,9,No
L,L,10,10,No
V,V,11,11,No
S,S,12,12,No
S,S,13,13,No
Q,Q,14,14,No
C,C,15,15,No
V,V,16,16,No
N,N,17,17,No
L,L,18,18,No
T,R,19,19,Yes
T,T,20,20,No
R,R,21,21,No
T,T,22,22,No
Q,Q,23,23,No
L,L,24,24,No
P,P,25,25,No
P,P,26,26,No
A,A,27,27,No
Y,Y,28,28,No
T,T,29,29,No
N,N,30,30,No
S,S,31,31,No
F,F,32,32,No
T,T,33,33,No
R,R,34,34,No
G,G,35,35,No
V,V,36,36,No
Y,Y,37,37,No
Y,Y,38,38,No
P,P,39,39,No
D,D,40,40,No
K,K,41,41,No
V,V,42,42,No
F,F,43,43,No
R,R,44,44,No
S,S,45,45,No
S,S,46,46,No
V,V,47,47,No
L,L,48,48,No
H,H,49,49,No
S,S,50,50,No
T,T,51,51,No
Q,Q,52,52,No
D,D,53,53,No
L,L,54,54,No
F,F,55,55,No
L,L,56,56,No
P,P,57,57,No
F,F,58,58,No
F,F,59,59,No
S,S,60,60,No
N,N,61,61,No
V,V,62,62,No
T,T,63,63,No
W,W,64,64,No
F,F,65,65,No
H,H,66,66,No
A,A,67,67,No
I,I,68,68,No
H,H,69,69,No
V,V,70,70,No
S,S,71,71,No
G,G,72,72,No
T,T,73,73,No
N,N,74,74,No
G,G,75,75,No
T,T,76,76,No
K,K,77,77,No
R,R,78,78,No
F,F,79,79,No
D,D,80,80,No
N,N,81,81,No
P,P,82,82,No
V,V,83,83,No
L,L,84,84,No
P,P,85,85,No
F,F,86,86,No
N,N,87,87,No
D,D,88,88,No
G,G,89,89,No
V,V,90,90,No
Y,Y,91,91,No
F,F,92,92,No
A,A,93,93,No
S,S,94,94,No
T,T,95,95,No
E,E,96,96,No
K,K,97,97,No
S,S,98,98,No
N,N,99,99,No
I,I,100,100,No
I,I,101,101,No
R,R,102,102,No
G,G,103,103,No
W,W,104,104,No
I,I,105,105,No
F,F,106,106,No
G,G,107,107,No
T,T,108,108,No
T,T,109,109,No
L,L,110,110,No
D,D,111,111,No
S,S,112,112,No
K,K,113,113,No
T,T,114,114,No
Q,Q,115,115,No
S,S,116,116,No
L,L,117,117,No
L,L,118,118,No
I,I,119,119,No
V,V,120,120,No
N,N,121,121,No
N,N,122,122,No
A,A,123,123,No
T,T,124,124,No
N,N,125,125,No
V,V,126,126,No
V,V,127,127,No
I,I,128,128,No
K,K,129,129,No
V,V,130,130,No
C,C,131,131,No
E,E,132,132,No
F,F,133,133,No
Q,Q,134,134,No
F,F,135,135,No
C,C,136,136,No
N,N,137,137,No
D,D,138,138,No
P,P,139,139,No
F,F,140,140,No
L,L,141,141,No
G,D,142,142,Yes
V,V,143,143,No
Y,Y,144,144,No
Y,Y,145,145,No
H,H,146,146,No
K,K,147,147,No
N,N,148,148,No
N,N,149,149,No
K,K,150,150,No
S,S,151,151,No
W,W,152,152,No
M,M,153,153,No
E,E,154,154,No
S,S,155,155,No
E,,156,,No
F,,157,,No
R,G,158,156,Yes
V,V,159,157,No
Y,Y,160,158,No
S,S,161,159,No
S,S,162,160,No
A,A,163,161,No
N,N,164,162,No
N,N,165,163,No
C,C,166,164,No
T,T,167,165,No
F,F,168,166,No
E,E,169,167,No
Y,Y,170,168,No
V,V,171,169,No
S,S,172,170,No
Q,Q,173,171,No
P,P,174,172,No
F,F,175,173,No
L,L,176,174,No
M,M,177,175,No
D,D,178,176,No
L,L,179,177,No
E,E,180,178,No
G,G,181,179,No
K,K,182,180,No
Q,Q,183,181,No
G,G,184,182,No
N,N,185,183,No
F,F,186,184,No
K,K,187,185,No
N,N,188,186,No
L,L,189,187,No
R,R,190,188,No
E,E,191,189,No
F,F,192,190,No
V,V,193,191,No
F,F,194,192,No
K,K,195,193,No
N,N,196,194,No
I,I,197,195,No
D,D,198,196,No
G,G,199,197,No
Y,Y,200,198,No
F,F,201,199,No
K,K,202,200,No
I,I,203,201,No
Y,Y,204,202,No
S,S,205,203,No
K,K,206,204,No
H,H,207,205,No
T,T,208,206,No
P,P,209,207,No
I,I,210,208,No
N,N,211,209,No
L,L,212,210,No
V,V,213,211,No
R,R,214,212,No
D,D,215,213,No
L,L,216,214,No
P,P,217,215,No
Q,Q,218,216,No
G,G,219,217,No
F,F,220,218,No
S,S,221,219,No
A,A,222,220,No
L,L,223,221,No
E,E,224,222,No
P,P,225,223,No
L,L,226,224,No
V,V,227,225,No
D,D,228,226,No
L,L,229,227,No
P,P,230,228,No
I,I,231,229,No
G,G,232,230,No
I,I,233,231,No
N,N,234,232,No
I,I,235,233,No
T,T,236,234,No
R,R,237,235,No
F,F,238,236,No
Q,Q,239,237,No
T,T,240,238,No
L,L,241,239,No
L,L,242,240,No
A,A,243,241,No
L,L,244,242,No
H,H,245,243,No
R,R,246,244,No
S,S,247,245,No
Y,Y,248,246,No
L,L,249,247,No
T,T,250,248,No
P,P,251,249,No
G,G,252,250,No
D,D,253,251,No
S,S,254,252,No
S,S,255,253,No
S,S,256,254,No
G,G,257,255,No
W,W,258,256,No
T,T,259,257,No
A,A,260,258,No
G,G,261,259,No
A,A,262,260,No
A,A,263,261,No
A,A,264,262,No
Y,Y,265,263,No
Y,Y,266,264,No
V,V,267,265,No
G,G,268,266,No
Y,Y,269,267,No
L,L,270,268,No
Q,Q,271,269,No
P,P,272,270,No
R,R,273,271,No
T,T,274,272,No
F,F,275,273,No
L,L,276,274,No
L,L,277,275,No
K,K,278,276,No
Y,Y,279,277,No
N,N,280,278,No
E,E,281,279,No
N,N,282,280,No
G,G,283,281,No
T,T,284,282,No
I,I,285,283,No
T,T,286,284,No
D,D,287,285,No
A,A,288,286,No
V,V,289,287,No
D,D,290,288,No
C,C,291,289,No
A,A,292,290,No
L,L,293,291,No
D,D,294,292,No
P,P,295,293,No
L,L,296,294,No
S,S,297,295,No
E,E,298,296,No
T,T,299,297,No
K,K,300,298,No
C,C,301,299,No
T,T,302,300,No
L,L,303,301,No
K,K,304,302,No
S,S,305,303,No
F,F,306,304,No
T,T,307,305,No
V,V,308,306,No
E,E,309,307,No
K,K,310,308,No
G,G,311,309,No
I,I,312,310,No
Y,Y,313,311,No
Q,Q,314,312,No
T,T,315,313,No
S,S,316,314,No
N,N,317,315,No
F,F,318,316,No
R,R,319,317,No
V,V,320,318,No
Q,Q,321,319,No
P,P,322,320,No
T,T,323,321,No
E,E,324,322,No
S,S,325,323,No
I,I,326,324,No
V,V,327,325,No
R,R,328,326,No
F,F,329,327,No
P,P,330,328,No
N,N,331,329,No
I,I,332,330,No
T,T,333,331,No
N,N,334,332,No
L,L,335,333,No
C,C,336,334,No
P,P,337,335,No
F,F,338,336,No
G,G,339,337,No
E,E,340,338,No
V,V,341,339,No
F,F,342,340,No
N,N,343,341,No
A,A,344,342,No
T,T,345,343,No
R,R,346,344,No
F,F,347,345,No
A,A,348,346,No
S,S,349,347,No
V,V,350,348,No
Y,Y,351,349,No
A,A,352,350,No
W,W,353,351,No
N,N,354,352,No
R,R,355,353,No
K,K,356,354,No
R,R,357,355,No
I,I,358,356,No
S,S,359,357,No
N,N,360,358,No
C,C,361,359,No
V,V,362,360,No
A,A,363,361,No
D,D,364,362,No
Y,Y,365,363,No
S,S,366,364,No
V,V,367,365,No
L,L,368,366,No
Y,Y,369,367,No
N,N,370,368,No
S,S,371,369,No
A,A,372,370,No
S,S,373,371,No
F,F,374,372,No
S,S,375,373,No
T,T,376,374,No
F,F,377,375,No
K,K,378,376,No
C,C,379,377,No
Y,Y,380,378,No
G,G,381,379,No
V,V,382,380,No
S,S,383,381,No
P,P,384,382,No
T,T,385,383,No
K,K,386,384,No
L,L,387,385,No
N,N,388,386,No
D,D,389,387,No
L,L,390,388,No
C,C,391,389,No
F,F,392,390,No
T,T,393,391,No
N,N,394,392,No
V,V,395,393,No
Y,Y,396,394,No
A,A,397,395,No
D,D,398,396,No
S,S,399,397,No
F,F,400,398,No
V,V,401,399,No
I,I,402,400,No
R,R,403,401,No
G,G,404,402,No
D,D,405,403,No
E,E,406,404,No
V,V,407,405,No
R,R,408,406,No
Q,Q,409,407,No
I,I,410,408,No
A,A,411,409,No
P,P,412,410,No
G,G,413,411,No
Q,Q,414,412,No
T,T,415,413,No
G,G,416,414,No
K,K,417,415,No
I,I,418,416,No
A,A,419,417,No
D,D,420,418,No
Y,Y,421,419,No
N,N,422,420,No
Y,Y,423,421,No
K,K,424,422,No
L,L,425,423,No
P,P,426,424,No
D,D,427,425,No
D,D,428,426,No
F,F,429,427,No
T,T,430,428,No
G,G,431,429,No
C,C,432,430,No
V,V,433,431,No
I,I,434,432,No
A,A,435,433,No
W,W,436,434,No
N,N,437,435,No
S,S,438,436,No
N,N,439,437,No
N,N,440,438,No
L,L,441,439,No
D,D,442,440,No
S,S,443,441,No
K,K,444,442,No
V,V,445,443,No
G,G,446,444,No
G,G,447,445,No
N,N,448,446,No
Y,Y,449,447,No
N,N,450,448,No
Y,Y,451,449,No
L,R,452,450,Yes
Y,Y,453,451,No
R,R,454,452,No
L,L,455,453,No
F,F,456,454,No
R,R,457,455,No
K,K,458,456,No
S,S,459,457,No
N,N,460,458,No
L,L,461,459,No
K,K,462,460,No
P,P,463,461,No
F,F,464,462,No
E,E,465,463,No
R,R,466,464,No
D,D,467,465,No
I,I,468,466,No
S,S,469,467,No
T,T,470,468,No
E,E,471,469,No
I,I,472,470,No
Y,Y,473,471,No
Q,Q,474,472,No
A,A,475,473,No
G,G,476,474,No
S,S,477,475,No
T,K,478,476,Yes
P,P,479,477,No
C,C,480,478,No
N,N,481,479,No
G,G,482,480,No
V,V,483,481,No
E,E,484,482,No
G,G,485,483,No
F,F,486,484,No
N,N,487,485,No
C,C,488,486,No
Y,Y,489,487,No
F,F,490,488,No
P,P,491,489,No
L,L,492,490,No
Q,Q,493,491,No
S,S,494,492,No
Y,Y,495,493,No
G,G,496,494,No
F,F,497,495,No
Q,Q,498,496,No
P,P,499,497,No
T,T,500,498,No
N,N,501,499,No
G,G,502,500,No
V,V,503,501,No
G,G,504,502,No
Y,Y,505,503,No
Q,Q,506,504,No
P,P,507,505,No
Y,Y,508,506,No
R,R,509,507,No
V,V,510,508,No
V,V,511,509,No
V,V,512,510,No
L,L,513,511,No
S,S,514,512,No
F,F,515,513,No
E,E,516,514,No
L,L,517,515,No
L,L,518,516,No
H,H,519,517,No
A,A,520,518,No
P,P,521,519,No
A,A,522,520,No
T,T,523,521,No
V,V,524,522,No
C,C,525,523,No
G,G,526,524,No
P,P,527,525,No
K,K,528,526,No
K,K,529,527,No
S,S,530,528,No
T,T,531,529,No
N,N,532,530,No
L,L,533,531,No
V,V,534,532,No
K,K,535,533,No
N,N,536,534,No
K,K,537,535,No
C,C,538,536,No
V,V,539,537,No
N,N,540,538,No
F,F,541,539,No
N,N,542,540,No
F,F,543,541,No
N,N,544,542,No
G,G,545,543,No
L,L,546,544,No
T,T,547,545,No
G,G,548,546,No
T,T,549,547,No
G,G,550,548,No
V,V,551,549,No
L,L,552,550,No
T,T,553,551,No
E,E,554,552,No
S,S,555,553,No
N,N,556,554,No
K,K,557,555,No
K,K,558,556,No
F,F,559,557,No
L,L,560,558,No
P,P,561,559,No
F,F,562,560,No
Q,Q,563,561,No
Q,Q,564,562,No
F,F,565,563,No
G,G,566,564,No
R,R,567,565,No
D,D,568,566,No
I,I,569,567,No
A,A,570,568,No
D,D,571,569,No
T,T,572,570,No
T,T,573,571,No
D,D,574,572,No
A,A,575,573,No
V,V,576,574,No
R,R,577,575,No
D,D,578,576,No
P,P,579,577,No
Q,Q,580,578,No
T,T,581,579,No
L,L,582,580,No
E,E,583,581,No
I,I,584,582,No
L,L,585,583,No
D,D,586,584,No
I,I,587,585,No
T,T,588,586,No
P,P,589,587,No
C,C,590,588,No
S,S,591,589,No
F,F,592,590,No
G,G,593,591,No
G,G,594,592,No
V,V,595,593,No
S,S,596,594,No
V,V,597,595,No
I,I,598,596,No
T,T,599,597,No
P,P,600,598,No
G,G,601,599,No
T,T,602,600,No
N,N,603,601,No
T,T,604,602,No
S,S,605,603,No
N,N,606,604,No
Q,Q,607,605,No
V,V,608,606,No
A,A,609,607,No
V,V,610,608,No
L,L,611,609,No
Y,Y,612,610,No
Q,Q,613,611,No
G,G,614,612,Yes
V,V,615,613,No
N,N,616,614,No
C,C,617,615,No
T,T,618,616,No
E,E,619,617,No
V,V,620,618,No
P,P,621,619,No
V,V,622,620,No
A,A,623,621,No
I,I,624,622,No
H,H,625,623,No
A,A,626,624,No
D,D,627,625,No
Q,Q,628,626,No
L,L,629,627,No
T,T,630,628,No
P,P,631,629,No
T,T,632,630,No
W,W,633,631,No
R,R,634,632,No
V,V,635,633,No
Y,Y,636,634,No
S,S,637,635,No
T,T,638,636,No
G,G,639,637,No
S,S,640,638,No
N,N,641,639,No
V,V,642,640,No
F,F,643,641,No
Q,Q,644,642,No
T,T,645,643,No
R,R,646,644,No
A,A,647,645,No
G,G,648,646,No
C,C,649,647,No
L,L,650,648,No
I,I,651,649,No
G,G,652,650,No
A,A,653,651,No
E,E,654,652,No
H,H,655,653,No
V,V,656,654,No
N,N,657,655,No
N,N,658,656,No
S,S,659,657,No
Y,Y,660,658,No
E,E,661,659,No
C,C,662,660,No
D,D,663,661,No
I,I,664,662,No
P,P,665,663,No
I,I,666,664,No
G,G,667,665,No
A,A,668,666,No
G,G,669,667,No
I,I,670,668,No
C,C,671,669,No
A,A,672,670,No
S,S,673,671,No
Y,Y,674,672,No
Q,Q,675,673,No
T,T,676,674,No
Q,Q,677,675,No
T,T,678,676,No
N,N,679,677,No
S,S,680,678,No
P,R,681,679,Yes
R,R,682,680,No
R,R,683,681,No
A,A,684,682,No
R,R,685,683,No
S,S,686,684,No
V,V,687,685,No
A,A,688,686,No
S,S,689,687,No
Q,Q,690,688,No
S,S,691,689,No
I,I,692,690,No
I,I,693,691,No
A,A,694,692,No
Y,Y,695,693,No
T,T,696,694,No
M,M,697,695,No
S,S,698,696,No
L,L,699,697,No
G,G,700,698,No
A,A,701,699,No
E,E,702,700,No
N,N,703,701,No
S,S,704,702,No
V,V,705,703,No
A,A,706,704,No
Y,Y,707,705,No
S,S,708,706,No
N,N,709,707,No
N,N,710,708,No
S,S,711,709,No
I,I,712,710,No
A,A,713,711,No
I,I,714,712,No
P,P,715,713,No
T,T,716,714,No
N,N,717,715,No
F,F,718,716,No
T,T,719,717,No
I,I,720,718,No
S,S,721,719,No
V,V,722,720,No
T,T,723,721,No
T,T,724,722,No
E,E,725,723,No
I,I,726,724,No
L,L,727,725,No
P,P,728,726,No
V,V,729,727,No
S,S,730,728,No
M,M,731,729,No
T,T,732,730,No
K,K,733,731,No
T,T,734,732,No
S,S,735,733,No
V,V,736,734,No
D,D,737,735,No
C,C,738,736,No
T,T,739,737,No
M,M,740,738,No
Y,Y,741,739,No
I,I,742,740,No
C,C,743,741,No
G,G,744,742,No
D,D,745,743,No
S,S,746,744,No
T,T,747,745,No
E,E,748,746,No
C,C,749,747,No
S,S,750,748,No
N,N,751,749,No
L,L,752,750,No
L,L,753,751,No
L,L,754,752,No
Q,Q,755,753,No
Y,Y,756,754,No
G,G,757,755,No
S,S,758,756,No
F,F,759,757,No
C,C,760,758,No
T,T,761,759,No
Q,Q,762,760,No
L,L,763,761,No
N,N,764,762,No
R,R,765,763,No
A,A,766,764,No
L,L,767,765,No
T,T,768,766,No
G,G,769,767,No
I,I,770,768,No
A,A,771,769,No
V,V,772,770,No
E,E,773,771,No
Q,Q,774,772,No
D,D,775,773,No
K,K,776,774,No
N,N,777,775,No
T,T,778,776,No
Q,Q,779,777,No
E,E,780,778,No
V,V,781,779,No
F,F,782,780,No
A,A,783,781,No
Q,Q,784,782,No
V,V,785,783,No
K,K,786,784,No
Q,Q,787,785,No
I,I,788,786,No
Y,Y,789,787,No
K,K,790,788,No
T,T,791,789,No
P,P,792,790,No
P,P,793,791,No
I,I,794,792,No
K,K,795,793,No
D,D,796,794,No
F,F,797,795,No
G,G,798,796,No
G,G,799,797,No
F,F,800,798,No
N,N,801,799,No
F,F,802,800,No
S,S,803,801,No
Q,Q,804,802,No
I,I,805,803,No
L,L,806,804,No
P,P,807,805,No
D,D,808,806,No
P,P,809,807,No
S,S,810,808,No
K,K,811,809,No
P,P,812,810,No
S,S,813,811,No
K,K,814,812,No
R,R,815,813,No
S,S,816,814,No
F,F,817,815,No
I,I,818,816,No
E,E,819,817,No
D,D,820,818,No
L,L,821,819,No
L,L,822,820,No
F,F,823,821,No
N,N,824,822,No
K,K,825,823,No
V,V,826,824,No
T,T,827,825,No
L,L,828,826,No
A,A,829,827,No
D,D,830,828,No
A,A,831,829,No
G,G,832,830,No
F,F,833,831,No
I,I,834,832,No
K,K,835,833,No
Q,Q,836,834,No
Y,Y,837,835,No
G,G,838,836,No
D,D,839,837,No
C,C,840,838,No
L,L,841,839,No
G,G,842,840,No
D,D,843,841,No
I,I,844,842,No
A,A,845,843,No
A,A,846,844,No
R,R,847,845,No
D,D,848,846,No
L,L,849,847,No
I,I,850,848,No
C,C,851,849,No
A,A,852,850,No
Q,Q,853,851,No
K,K,854,852,No
F,F,855,853,No
N,N,856,854,No
G,G,857,855,No
L,L,858,856,No
T,T,859,857,No
V,V,860,858,No
L,L,861,859,No
P,P,862,860,No
P,P,863,861,No
L,L,864,862,No
L,L,865,863,No
T,T,866,864,No
D,D,867,865,No
E,E,868,866,No
M,M,869,867,No
I,I,870,868,No
A,A,871,869,No
Q,Q,872,870,No
Y,Y,873,871,No
T,T,874,872,No
S,S,875,873,No
A,A,876,874,No
L,L,877,875,No
L,L,878,876,No
A,A,879,877,No
G,G,880,878,No
T,T,881,879,No
I,I,882,880,No
T,T,883,881,No
S,S,884,882,No
G,G,885,883,No
W,W,886,884,No
T,T,887,885,No
F,F,888,886,No
G,G,889,887,No
A,A,890,888,No
G,G,891,889,No
A,A,892,890,No
A,A,893,891,No
L,L,894,892,No
Q,Q,895,893,No
I,I,896,894,No
P,P,897,895,No
F,F,898,896,No
A,A,899,897,No
M,M,900,898,No
Q,Q,901,899,No
M,M,902,900,No
A,A,903,901,No
Y,Y,904,902,No
R,R,905,903,No
F,F,906,904,No
N,N,907,905,No
G,G,908,906,No
I,I,909,907,No
G,G,910,908,No
V,V,911,909,No
T,T,912,910,No
Q,Q,913,911,No
N,N,914,912,No
V,V,915,913,No
L,L,916,914,No
Y,Y,917,915,No
E,E,918,916,No
N,N,919,917,No
Q,Q,920,918,No
K,K,921,919,No
L,L,922,920,No
I,I,923,921,No
A,A,924,922,No
N,N,925,923,No
Q,Q,926,924,No
F,F,927,925,No
N,N,928,926,No
S,S,929,927,No
A,A,930,928,No
I,I,931,929,No
G,G,932,930,No
K,K,933,931,No
I,I,934,932,No
Q,Q,935,933,No
D,D,936,934,No
S,S,937,935,No
L,L,938,936,No
S,S,939,937,No
S,S,940,938,No
T,T,941,939,No
A,A,942,940,No
S,S,943,941,No
A,A,944,942,No
L,L,945,943,No
G,G,946,944,No
K,K,947,945,No
L,L,948,946,No
Q,Q,949,947,No
D,N,950,948,Yes
V,V,951,949,No
V,V,952,950,No
N,N,953,951,No
Q,Q,954,952,No
N,N,955,953,No
A,A,956,954,No
Q,Q,957,955,No
A,A,958,956,No
L,L,959,957,No
N,N,960,958,No
T,T,961,959,No
L,L,962,960,No
V,V,963,961,No
K,K,964,962,No
Q,Q,965,963,No
L,L,966,964,No
S,S,967,965,No
S,S,968,966,No
N,N,969,967,No
F,F,970,968,No
G,G,971,969,No
A,A,972,970,No
I,I,973,971,No
S,S,974,972,No
S,S,975,973,No
V,V,976,974,No
L,L,977,975,No
N,N,978,976,No
D,D,979,977,No
I,I,980,978,No
L,L,981,979,No
S,S,982,980,No
R,R,983,981,No
L,L,984,982,No
D,D,985,983,No
K,K,986,984,No
V,V,987,985,No
E,E,988,986,No
A,A,989,987,No
E,E,990,988,No
V,V,991,989,No
Q,Q,992,990,No
I,I,993,991,No
D,D,994,992,No
R,R,995,993,No
L,L,996,994,No
I,I,997,995,No
T,T,998,996,No
G,G,999,997,No
R,R,1000,998,No
L,L,1001,999,No
Q,Q,1002,1000,No
S,S,1003,1001,No
L,L,1004,1002,No
Q,Q,1005,1003,No
T,T,1006,1004,No
Y,Y,1007,1005,No
V,V,1008,1006,No
T,T,1009,1007,No
Q,Q,1010,1008,No
Q,Q,1011,1009,No
L,L,1012,1010,No
I,I,1013,1011,No
R,R,1014,1012,No
A,A,1015,1013,No
A,A,1016,1014,No
E,E,1017,1015,No
I,I,1018,1016,No
R,R,1019,1017,No
A,A,1020,1018,No
S,S,1021,1019,No
A,A,1022,1020,No
N,N,1023,1021,No
L,L,1024,1022,No
A,A,1025,1023,No
A,A,1026,1024,No
T,T,1027,1025,No
K,K,1028,1026,No
M,M,1029,1027,No
S,S,1030,1028,No
E,E,1031,1029,No
C,C,1032,1030,No
V,V,1033,1031,No
L,L,1034,1032,No
G,G,1035,1033,No
Q,Q,1036,1034,No
S,S,1037,1035,No
K,K,1038,1036,No
R,R,1039,1037,No
V,V,1040,1038,No
D,D,1041,1039,No
F,F,1042,1040,No
C,C,1043,1041,No
G,G,1044,1042,No
K,K,1045,1043,No
G,G,1046,1044,No
Y,Y,1047,1045,No
H,H,1048,1046,No
L,L,1049,1047,No
M,M,1050,1048,No
S,S,1051,1049,No
F,F,1052,1050,No
P,P,1053,1051,No
Q,Q,1054,1052,No
S,S,1055,1053,No
A,A,1056,1054,No
P,P,1057,1055,No
H,H,1058,1056,No
G,G,1059,1057,No
V,V,1060,1058,No
V,V,1061,1059,No
F,F,1062,1060,No
L,L,1063,1061,No
H,H,1064,1062,No
V,V,1065,1063,No
T,T,1066,1064,No
Y,Y,1067,1065,No
V,V,1068,1066,No
P,P,1069,1067,No
A,A,1070,1068,No
Q,Q,1071,1069,No
E,E,1072,1070,No
K,K,1073,1071,No
N,N,1074,1072,No
F,F,1075,1073,No
T,T,1076,1074,No
T,T,1077,1075,No
A,A,1078,1076,No
P,P,1079,1077,No
A,A,1080,1078,No
I,I,1081,1079,No
C,C,1082,1080,No
H,H,1083,1081,No
D,D,1084,1082,No
G,G,1085,1083,No
K,K,1086,1084,No
A,A,1087,1085,No
H,H,1088,1086,No
F,F,1089,1087,No
P,P,1090,1088,No
R,R,1091,1089,No
E,E,1092,1090,No
G,G,1093,1091,No
V,V,1094,1092,No
F,F,1095,1093,No
V,V,1096,1094,No
S,S,1097,1095,No
N,N,1098,1096,No
G,G,1099,1097,No
T,T,1100,1098,No
H,H,1101,1099,No
W,W,1102,1100,No
F,F,1103,1101,No
V,V,1104,1102,No
T,T,1105,1103,No
Q,Q,1106,1104,No
R,R,1107,1105,No
N,N,1108,1106,No
F,F,1109,1107,No
Y,Y,1110,1108,No
E,E,1111,1109,No
P,P,1112,1110,No
Q,Q,1113,1111,No
I,I,1114,1112,No
I,I,1115,1113,No
T,T,1116,1114,No
T,T,1117,1115,No
D,D,1118,1116,No
N,N,1119,1117,No
T,T,1120,1118,No
F,F,1121,1119,No
V,V,1122,1120,No
S,S,1123,1121,No
G,G,1124,1122,No
N,N,1125,1123,No
C,C,1126,1124,No
D,D,1127,1125,No
V,V,1128,1126,No
V,V,1129,1127,No
I,I,1130,1128,No
G,G,1131,1129,No
I,I,1132,1130,No
V,V,1133,1131,No
N,N,1134,1132,No
N,N,1135,1133,No
T,T,1136,1134,No
V,V,1137,1135,No
Y,Y,1138,1136,No
D,D,1139,1137,No
P,P,1140,1138,No
L,L,1141,1139,No
Q,Q,1142,1140,No
P,P,1143,1141,No
E,E,1144,1142,No
L,L,1145,1143,No
D,D,1146,1144,No
S,S,1147,1145,No
F,F,1148,1146,No
K,K,1149,1147,No
E,E,1150,1148,No
E,E,1151,1149,No
L,L,1152,1150,No
D,D,1153,1151,No
K,K,1154,1152,No
Y,Y,1155,1153,No
F,F,1156,1154,No
K,K,1157,1155,No
N,N,1158,1156,No
H,H,1159,1157,No
T,T,1160,1158,No
S,S,1161,1159,No
P,P,1162,1160,No
D,D,1163,1161,No
V,V,1164,1162,No
D,D,1165,1163,No
L,L,1166,1164,No
G,G,1167,1165,No
D,D,1168,1166,No
I,I,1169,1167,No
S,S,1170,1168,No
G,G,1171,1169,No
I,I,1172,1170,No
N,N,1173,1171,No
A,A,1174,1172,No
S,S,1175,1173,No
V,V,1176,1174,No
V,V,1177,1175,No
N,N,1178,1176,No
I,I,1179,1177,No
Q,Q,1180,1178,No
K,K,1181,1179,No
E,E,1182,1180,No
I,I,1183,1181,No
D,D,1184,1182,No
R,R,1185,1183,No
L,L,1186,1184,No
N,N,1187,1185,No
E,E,1188,1186,No
V,V,1189,1187,No
A,A,1190,1188,No
K,K,1191,1189,No
N,N,1192,1190,No
L,L,1193,1191,No
N,N,1194,1192,No
E,E,1195,1193,No
S,S,1196,1194,No
L,L,1197,1195,No
I,I,1198,1196,No
D,D,1199,1197,No
L,L,1200,1198,No
Q,Q,1201,1199,No
E,E,1202,1200,No
L,L,1203,1201,No
G,G,1204,1202,No
K,K,1205,1203,No
Y,Y,1206,1204,No
E,E,1207,1205,No
Q,Q,1208,1206,No
Y,Y,1209,1207,No
I,I,1210,1208,No
K,K,1211,1209,No
W,W,1212,1210,No
P,P,1213,1211,No
W,W,1214,1212,No
Y,Y,1215,1213,No
I,I,1216,1214,No
W,W,1217,1215,No
L,L,1218,1216,No
G,G,1219,1217,No
F,F,1220,1218,No
I,I,1221,1219,No
A,A,1222,1220,No
G,G,1223,1221,No
L,L,1224,1222,No
I,I,1225,1223,No
A,A,1226,1224,No
I,I,1227,1225,No
V,V,1228,1226,No
M,M,1229,1227,No
V,V,1230,1228,No
T,T,1231,1229,No
I,I,1232,1230,No
M,M,1233,1231,No
L,L,1234,1232,No
C,C,1235,1233,No
C,C,1236,1234,No
M,M,1237,1235,No
T,T,1238,1236,No
S,S,1239,1237,No
C,C,1240,1238,No
C,C,1241,1239,No
S,S,1242,1240,No
C,C,1243,1241,No
L,L,1244,1242,No
K,K,1245,1243,No
G,G,1246,1244,No
C,C,1247,1245,No
C,C,1248,1246,No
S,S,1249,1247,No
C,C,1250,1248,No
G,G,1251,1249,No
S,S,1252,1250,No